,rate,fscore,recall,precision
0,10,0,0,0
1,20,0,0,0
2,30.0,0.52,0.40625,0.7222222222222222
3,40.0,0.52,0.40625,0.7222222222222222
4,50.0,0.41935483870967744,0.40625,0.43333333333333335
5,60,0,0,0
6,70.0,0.41935483870967744,0.40625,0.43333333333333335
7,80.0,0.41935483870967744,0.40625,0.43333333333333335
8,90,0,0,0
9,100.0,0.2807017543859649,0.25,0.32
